fit_time,score_time,test_accuracy,train_accuracy,test_precision,train_precision,test_recall,train_recall,test_f1,train_f1
0.02785348892211914,0.015022516250610352,0.6299911268855368,0.6407810073219437,0.23270440251572327,0.23685636856368564,0.6851851851851852,0.6743827160493827,0.3474178403755869,0.3505816285599679
0.029534101486206055,0.01392817497253418,0.642413487133984,0.6354559573996006,0.2328159645232816,0.23579394583112057,0.6481481481481481,0.6851851851851852,0.3425774877650897,0.3508494666139866
0.028250932693481445,0.015007734298706055,0.6379769299023957,0.6412247614821389,0.2349137931034483,0.23596730245231606,0.6728395061728395,0.6682098765432098,0.34824281150159747,0.3487716472009666
0.027822494506835938,0.013530492782592773,0.6228926353149956,0.6434435322831151,0.22431865828092243,0.23840698308783415,0.6604938271604939,0.6743827160493827,0.3348982785602504,0.35227730753728337
0.02964162826538086,0.01420283317565918,0.6376554174067496,0.6444099378881988,0.22787610619469026,0.24034801522566612,0.6358024691358025,0.6820987654320988,0.3355048859934853,0.35544833132287895
