,Model,Accuracy,Precision Yes,Precision No,Precision Weighted,Recall Yes,Recall No,Recall Weighted,F1 Yes,F1 No,F1 Weighted,Time
0,RandomForestClassifier,0.8589935226706528,1.0,0.8588528678304239,0.8788961825630244,0.007017543859649123,1.0,0.8589935226706528,0.013937282229965157,0.9240676147035148,0.7948263866243113,6.696062088012695
1,LogisticRegression,0.8574987543597409,0.3333333333333333,0.8582834331337326,0.783738949604528,0.0035087719298245615,0.9988385598141696,0.8574987543597409,0.006944444444444445,0.9232420826623725,0.7931250787300808,3.808734178543091
2,GBTClassifier,0.8579970104633782,0.5,0.8608739326971371,0.8096287554083059,0.028070175438596492,0.9953542392566783,0.8579970104633782,0.053156146179401995,0.9232426609210881,0.7996877746722687,7.517371416091919
