Model,Accuracy,Precision Yes,Precision No,Precision Weighted,Recall Yes,Recall No,Recall Weighted,F1 Yes,F1 No,F1 Weighted,Time
LogisticRegression,0.6344925479063165,0.22438162544169613,0.9098457888493475,0.811088354376847,0.625615763546798,0.6359867330016584,0.6344925479063165,0.33029908972691807,0.7486578818936066,0.6883833362514222,0.047167301177978516
RandomForestClassifier,0.8516678495386799,0.3125,0.8578607322325915,0.7792885330535879,0.024630541871921183,0.9908789386401327,0.8516678495386799,0.045662100456621,0.9195844555598307,0.7936751311553228,0.40987157821655273
GradientBoostingClassifier,0.8537970191625266,0.42857142857142855,0.8602305475504323,0.7980397731340109,0.04433497536945813,0.9900497512437811,0.8537970191625266,0.08035714285714286,0.920585967617579,0.7995309985427965,0.7446103096008301
